pin,peripheral,signal,af
PIN,PERIPHERAL,,NONE
PIN,PERIPHERAL,,NONE
PA_0,ADC1,ADC1_IN0,ANALOG
PA_0_ALT1,ADC2,ADC2_IN0,ANALOG
PA_0_ALT2,ADC3,ADC3_IN0,ANALOG
PA_1,ADC1,ADC1_IN1,ANALOG
PA_1_ALT1,ADC2,ADC2_IN1,ANALOG
PA_1_ALT2,ADC3,ADC3_IN1,ANALOG
PA_2,ADC1,ADC1_IN2,ANALOG
PA_2_ALT1,ADC2,ADC2_IN2,ANALOG
PA_2_ALT2,ADC3,ADC3_IN2,ANALOG
PA_3,ADC1,ADC1_IN3,ANALOG
PA_3_ALT1,ADC2,ADC2_IN3,ANALOG
PA_3_ALT2,ADC3,ADC3_IN3,ANALOG
PA_4,ADC1,ADC1_IN4,ANALOG
PA_4_ALT1,ADC2,ADC2_IN4,ANALOG
PA_5,ADC1,ADC1_IN5,ANALOG
PA_5_ALT1,ADC2,ADC2_IN5,ANALOG
PA_6,ADC1,ADC1_IN6,ANALOG
PA_6_ALT1,ADC2,ADC2_IN6,ANALOG
PA_7,ADC1,ADC1_IN7,ANALOG
PA_7_ALT1,ADC2,ADC2_IN7,ANALOG
PB_0,ADC1,ADC1_IN8,ANALOG
PB_0_ALT1,ADC2,ADC2_IN8,ANALOG
PB_1,ADC1,ADC1_IN9,ANALOG
PB_1_ALT1,ADC2,ADC2_IN9,ANALOG
PC_0,ADC1,ADC1_IN10,ANALOG
PC_0_ALT1,ADC2,ADC2_IN10,ANALOG
PC_0_ALT2,ADC3,ADC3_IN10,ANALOG
PC_1,ADC1,ADC1_IN11,ANALOG
PC_1_ALT1,ADC2,ADC2_IN11,ANALOG
PC_1_ALT2,ADC3,ADC3_IN11,ANALOG
PC_2,ADC1,ADC1_IN12,ANALOG
PC_2_ALT1,ADC2,ADC2_IN12,ANALOG
PC_2_ALT2,ADC3,ADC3_IN12,ANALOG
PC_3,ADC1,ADC1_IN13,ANALOG
PC_3_ALT1,ADC2,ADC2_IN13,ANALOG
PC_3_ALT2,ADC3,ADC3_IN13,ANALOG
PC_4,ADC1,ADC1_IN14,ANALOG
PC_4_ALT1,ADC2,ADC2_IN14,ANALOG
PC_5,ADC1,ADC1_IN15,ANALOG
PC_5_ALT1,ADC2,ADC2_IN15,ANALOG
PA_4,DAC1,DAC_OUT1,ANALOG
PA_5,DAC1,DAC_OUT2,ANALOG
PB_7,I2C1,,AF4
PB_9,I2C1,,AF4
PB_11,I2C2,,AF4
PC_9,I2C3,,AF4
PA_8,I2C3,,AF4
PB_6,I2C1,,AF4
PB_8,I2C1,,AF4
PB_10,I2C2,,AF4
PA_0,TIM2,TIM2_CH1,AF1
PA_0_ALT1,TIM5,TIM5_CH1,AF2
PA_1,TIM2,TIM2_CH2,AF1
PA_1_ALT1,TIM5,TIM5_CH2,AF2
PA_2,TIM2,TIM2_CH3,AF1
PA_2_ALT1,TIM5,TIM5_CH3,AF2
PA_2_ALT2,TIM9,TIM9_CH1,AF3
PA_3,TIM2,TIM2_CH4,AF1
PA_3_ALT1,TIM5,TIM5_CH4,AF2
PA_3_ALT2,TIM9,TIM9_CH2,AF3
PA_5,TIM2,TIM2_CH1,AF1
PA_5_ALT1,TIM8,TIM8_CH1N,AF3
PA_6,TIM3,TIM3_CH1,AF2
PA_6_ALT1,TIM13,TIM13_CH1,AF9
PA_7,TIM1,TIM1_CH1N,AF1
PA_7_ALT1,TIM3,TIM3_CH2,AF2
PA_7_ALT2,TIM8,TIM8_CH1N,AF3
PA_7_ALT3,TIM14,TIM14_CH1,AF9
PA_8,TIM1,TIM1_CH1,AF1
PA_9,TIM1,TIM1_CH2,AF1
PA_10,TIM1,TIM1_CH3,AF1
PA_11,TIM1,TIM1_CH4,AF1
PA_15,TIM2,TIM2_CH1,AF1
PB_0,TIM1,TIM1_CH2N,AF1
PB_0_ALT1,TIM3,TIM3_CH3,AF2
PB_0_ALT2,TIM8,TIM8_CH2N,AF3
PB_1,TIM1,TIM1_CH3N,AF1
PB_1_ALT1,TIM3,TIM3_CH4,AF2
PB_1_ALT2,TIM8,TIM8_CH3N,AF3
PB_3,TIM2,TIM2_CH2,AF1
PB_4,TIM3,TIM3_CH1,AF2
PB_5,TIM3,TIM3_CH2,AF2
PB_6,TIM4,TIM4_CH1,AF2
PB_7,TIM4,TIM4_CH2,AF2
PB_8,TIM4,TIM4_CH3,AF2
PB_8_ALT1,TIM10,TIM10_CH1,AF3
PB_9,TIM4,TIM4_CH4,AF2
PB_9_ALT1,TIM11,TIM11_CH1,AF3
PB_10,TIM2,TIM2_CH3,AF1
PB_11,TIM2,TIM2_CH4,AF1
PB_13,TIM1,TIM1_CH1N,AF1
PB_14,TIM1,TIM1_CH2N,AF1
PB_14_ALT1,TIM8,TIM8_CH2N,AF3
PB_14_ALT2,TIM12,TIM12_CH1,AF9
PB_15,TIM1,TIM1_CH3N,AF1
PB_15_ALT1,TIM8,TIM8_CH3N,AF3
PB_15_ALT2,TIM12,TIM12_CH2,AF9
PC_6,TIM3,TIM3_CH1,AF2
PC_6_ALT1,TIM8,TIM8_CH1,AF3
PC_7,TIM3,TIM3_CH2,AF2
PC_7_ALT1,TIM8,TIM8_CH2,AF3
PC_8,TIM3,TIM3_CH3,AF2
PC_8_ALT1,TIM8,TIM8_CH3,AF3
PC_9,TIM3,TIM3_CH4,AF2
PC_9_ALT1,TIM8,TIM8_CH4,AF3
PD_12,TIM4,TIM4_CH1,AF2
PD_13,TIM4,TIM4_CH2,AF2
PD_14,TIM4,TIM4_CH3,AF2
PD_15,TIM4,TIM4_CH4,AF2
PE_5,TIM9,TIM9_CH1,AF3
PE_6,TIM9,TIM9_CH2,AF3
PE_8,TIM1,TIM1_CH1N,AF1
PE_9,TIM1,TIM1_CH1,AF1
PE_10,TIM1,TIM1_CH2N,AF1
PE_11,TIM1,TIM1_CH2,AF1
PE_12,TIM1,TIM1_CH3N,AF1
PE_13,TIM1,TIM1_CH3,AF1
PE_14,TIM1,TIM1_CH4,AF1
PA_0,UART4,,AF8
PA_2,USART2,,AF7
PA_9,USART1,,AF7
PB_6,USART1,,AF7
PB_10,USART3,,AF7
PC_6,USART6,,AF8
PC_10,UART4,,AF8
PC_10_ALT1,USART3,,AF7
PC_12,UART5,,AF8
PD_5,USART2,,AF7
PD_8,USART3,,AF7
PA_1,UART4,,AF8
PA_3,USART2,,AF7
PA_10,USART1,,AF7
PB_7,USART1,,AF7
PB_11,USART3,,AF7
PC_7,USART6,,AF8
PC_11,UART4,,AF8
PC_11_ALT1,USART3,,AF7
PD_2,UART5,,AF8
PD_6,USART2,,AF7
PD_9,USART3,,AF7
PA_1,USART2,,AF7
PA_12,USART1,,AF7
PB_14,USART3,,AF7
PD_4,USART2,,AF7
PD_12,USART3,,AF7
PA_0,USART2,,AF7
PA_11,USART1,,AF7
PB_13,USART3,,AF7
PD_3,USART2,,AF7
PD_11,USART3,,AF7
PA_7,SPI1,,AF5
PB_5,SPI1,,AF5
PB_5_ALT1,SPI3,,AF6
PB_15,SPI2,,AF5
PC_3,SPI2,,AF5
PC_12,SPI3,,AF6
PA_6,SPI1,,AF5
PB_4,SPI1,,AF5
PB_4_ALT1,SPI3,,AF6
PB_14,SPI2,,AF5
PC_2,SPI2,,AF5
PC_11,SPI3,,AF6
PA_5,SPI1,,AF5
PB_3,SPI1,,AF5
PB_3_ALT1,SPI3,,AF6
PB_10,SPI2,,AF5
PB_13,SPI2,,AF5
PC_10,SPI3,,AF6
PA_4,SPI1,,AF5
PA_4_ALT1,SPI3,,AF6
PA_15,SPI1,,AF5
PA_15_ALT1,SPI3,,AF6
PB_9,SPI2,,AF5
PB_12,SPI2,,AF5
PA_11,CAN1,,AF9
PB_5,CAN2,,AF9
PB_8,CAN1,,AF9
PB_12,CAN2,,AF9
PD_0,CAN1,,AF9
PA_12,CAN1,,AF9
PB_6,CAN2,,AF9
PB_9,CAN1,,AF9
PB_13,CAN2,,AF9
PD_1,CAN1,,AF9
PA_0,ETH,ETH_CRS,AF11
PA_1,ETH,ETH_REF_CLK,AF11
PA_1_ALT1,ETH,ETH_RX_CLK,AF11
PA_2,ETH,ETH_MDIO,AF11
PA_3,ETH,ETH_COL,AF11
PA_7,ETH,ETH_CRS_DV,AF11
PA_7_ALT1,ETH,ETH_RX_DV,AF11
PB_0,ETH,ETH_RXD2,AF11
PB_1,ETH,ETH_RXD3,AF11
PB_5,ETH,ETH_PPS_OUT,AF11
PB_8,ETH,ETH_TXD3,AF11
PB_10,ETH,ETH_RX_ER,AF11
PB_11,ETH,ETH_TX_EN,AF11
PB_12,ETH,ETH_TXD0,AF11
PB_13,ETH,ETH_TXD1,AF11
PC_1,ETH,ETH_MDC,AF11
PC_2,ETH,ETH_TXD2,AF11
PC_3,ETH,ETH_TX_CLK,AF11
PC_4,ETH,ETH_RXD0,AF11
PC_5,ETH,ETH_RXD1,AF11
PE_2,ETH,ETH_TXD3,AF11
PA_8,USB_OTG_FS,USB_OTG_FS_SOF,AF10
PA_9,USB_OTG_FS,USB_OTG_FS_VBUS,NONE
PA_10,USB_OTG_FS,USB_OTG_FS_ID,AF10
PA_11,USB_OTG_FS,USB_OTG_FS_DM,AF10
PA_12,USB_OTG_FS,USB_OTG_FS_DP,AF10
PA_4,USB_OTG_HS,USB_OTG_HS_SOF,AF12
PB_12,USB_OTG_HS,USB_OTG_HS_ID,AF12
PB_13,USB_OTG_HS,USB_OTG_HS_VBUS,NONE
PB_14,USB_OTG_HS,USB_OTG_HS_DM,AF12
PB_15,USB_OTG_HS,USB_OTG_HS_DP,AF12
PA_3,USB_OTG_HS,USB_OTG_HS_ULPI_D0,AF10
PA_5,USB_OTG_HS,USB_OTG_HS_ULPI_CK,AF10
PB_0,USB_OTG_HS,USB_OTG_HS_ULPI_D1,AF10
PB_1,USB_OTG_HS,USB_OTG_HS_ULPI_D2,AF10
PB_5,USB_OTG_HS,USB_OTG_HS_ULPI_D7,AF10
PB_10,USB_OTG_HS,USB_OTG_HS_ULPI_D3,AF10
PB_11,USB_OTG_HS,USB_OTG_HS_ULPI_D4,AF10
PB_12,USB_OTG_HS,USB_OTG_HS_ULPI_D5,AF10
PB_13,USB_OTG_HS,USB_OTG_HS_ULPI_D6,AF10
PC_0,USB_OTG_HS,USB_OTG_HS_ULPI_STP,AF10
PC_2,USB_OTG_HS,USB_OTG_HS_ULPI_DIR,AF10
PC_3,USB_OTG_HS,USB_OTG_HS_ULPI_NXT,AF10
PD_2,SDIO,SDIO_CMD,AF12
PC_12,SDIO,SDIO_CK,AF12
PC_8,SDIO,SDIO_D0,AF12
PC_9,SDIO,SDIO_D1,AF12
PC_10,SDIO,SDIO_D2,AF12
PC_11,SDIO,SDIO_D3,AF12
PB_8,SDIO,SDIO_D4,AF12
PB_9,SDIO,SDIO_D5,AF12
PC_6,SDIO,SDIO_D6,AF12
PC_7,SDIO,SDIO_D7,AF12
